participant_id	age	sex	handedness
sub-lisa001	n/a	n/a	n/a
sub-lisa002	n/a	n/a	n/a
sub-lisa003	n/a	n/a	n/a
sub-lisa004	n/a	n/a	n/a
sub-lisa005	n/a	n/a	n/a
sub-lisa006	n/a	n/a	n/a
sub-lisa007	n/a	n/a	n/a
sub-lisa008	n/a	n/a	n/a
sub-lisa009	n/a	n/a	n/a
sub-lisa010	n/a	n/a	n/a
sub-lisa011	n/a	n/a	n/a
sub-lisa012	n/a	n/a	n/a
sub-lisa013	n/a	n/a	n/a
sub-lisa014	n/a	n/a	n/a
sub-lisa015	n/a	n/a	n/a
sub-lisa016	n/a	n/a	n/a
sub-lisa017	n/a	n/a	n/a
sub-lisa018	n/a	n/a	n/a
sub-lisa019	n/a	n/a	n/a
sub-lisa020	n/a	n/a	n/a
sub-lisa021	n/a	n/a	n/a
sub-lisa022	n/a	n/a	n/a
sub-lisa023	n/a	n/a	n/a
sub-lisa024	n/a	n/a	n/a
sub-lisa025	n/a	n/a	n/a
sub-lisa026	n/a	n/a	n/a
sub-lisa027	n/a	n/a	n/a
sub-lisa028	n/a	n/a	n/a
sub-lisa029	n/a	n/a	n/a
sub-lisa030	n/a	n/a	n/a
sub-lisa031	n/a	n/a	n/a
sub-lisa032	n/a	n/a	n/a
sub-lisa033	n/a	n/a	n/a
sub-lisa034	n/a	n/a	n/a
sub-lisa035	n/a	n/a	n/a
sub-lisa036	n/a	n/a	n/a
sub-lisa037	n/a	n/a	n/a
sub-lisa038	n/a	n/a	n/a
sub-lisa039	n/a	n/a	n/a
sub-lisa040	n/a	n/a	n/a
sub-lisa041	n/a	n/a	n/a
sub-lisa042	n/a	n/a	n/a
sub-lisa043	n/a	n/a	n/a
sub-lisa044	n/a	n/a	n/a
sub-lisa045	n/a	n/a	n/a
sub-lisa046	n/a	n/a	n/a
sub-lisa047	n/a	n/a	n/a
sub-lisa048	n/a	n/a	n/a
sub-lisa049	n/a	n/a	n/a
sub-lisa050	n/a	n/a	n/a
sub-lisa051	n/a	n/a	n/a
sub-lisa052	n/a	n/a	n/a
sub-lisa053	n/a	n/a	n/a
sub-lisa054	n/a	n/a	n/a
sub-lisa055	n/a	n/a	n/a
sub-lisa056	n/a	n/a	n/a
sub-lisa057	n/a	n/a	n/a
sub-lisa058	n/a	n/a	n/a
sub-lisa059	n/a	n/a	n/a
sub-lisa060	n/a	n/a	n/a
sub-lisa061	n/a	n/a	n/a
sub-lisa062	n/a	n/a	n/a
sub-lisa063	n/a	n/a	n/a
sub-lisa064	n/a	n/a	n/a
sub-lisa065	n/a	n/a	n/a
sub-lisa066	n/a	n/a	n/a
sub-lisa067	n/a	n/a	n/a
sub-lisa068	n/a	n/a	n/a
sub-lisa069	n/a	n/a	n/a
sub-lisa070	n/a	n/a	n/a
sub-lisa071	n/a	n/a	n/a
sub-lisa072	n/a	n/a	n/a
sub-lisa073	n/a	n/a	n/a
sub-lisa074	n/a	n/a	n/a
sub-lisa075	n/a	n/a	n/a
sub-lisa076	n/a	n/a	n/a
sub-lisa077	n/a	n/a	n/a
sub-lisa078	n/a	n/a	n/a
sub-lisa079	n/a	n/a	n/a
sub-lisa080	n/a	n/a	n/a
sub-lisa081	n/a	n/a	n/a
sub-lisa082	n/a	n/a	n/a
sub-lisa083	n/a	n/a	n/a
sub-lisa084	n/a	n/a	n/a
sub-lisa085	n/a	n/a	n/a
sub-lisa086	n/a	n/a	n/a
sub-lisa087	n/a	n/a	n/a
sub-lisa088	n/a	n/a	n/a
sub-lisa089	n/a	n/a	n/a
sub-lisa090	n/a	n/a	n/a
sub-lisa091	n/a	n/a	n/a
sub-lisa092	n/a	n/a	n/a
sub-lisa093	n/a	n/a	n/a
sub-lisa094	n/a	n/a	n/a
sub-lisa095	n/a	n/a	n/a
sub-lisa096	n/a	n/a	n/a
sub-lisa097	n/a	n/a	n/a
sub-lisa098	n/a	n/a	n/a
sub-lisa099	n/a	n/a	n/a
sub-lisa100	n/a	n/a	n/a
sub-lisa101	n/a	n/a	n/a
sub-lisa102	n/a	n/a	n/a
sub-lisa103	n/a	n/a	n/a
sub-lisa104	n/a	n/a	n/a
sub-lisa105	n/a	n/a	n/a
sub-lisa106	n/a	n/a	n/a
sub-lisa107	n/a	n/a	n/a
sub-lisa108	n/a	n/a	n/a
sub-lisa109	n/a	n/a	n/a
sub-lisa110	n/a	n/a	n/a
sub-lisa111	n/a	n/a	n/a
sub-lisa112	n/a	n/a	n/a
sub-lisa113	n/a	n/a	n/a
sub-lisa114	n/a	n/a	n/a
sub-lisa115	n/a	n/a	n/a
sub-lisa116	n/a	n/a	n/a
sub-lisa117	n/a	n/a	n/a
sub-lisa118	n/a	n/a	n/a
sub-lisa119	n/a	n/a	n/a
sub-lisa120	n/a	n/a	n/a
sub-lisa121	n/a	n/a	n/a
sub-lisa122	n/a	n/a	n/a
sub-lisa123	n/a	n/a	n/a
sub-lisa124	n/a	n/a	n/a
sub-lisa125	n/a	n/a	n/a
sub-lisa126	n/a	n/a	n/a
sub-lisa127	n/a	n/a	n/a
sub-lisa128	n/a	n/a	n/a
sub-lisa129	n/a	n/a	n/a
sub-lisa130	n/a	n/a	n/a
sub-lisa131	n/a	n/a	n/a
sub-lisa132	n/a	n/a	n/a
sub-lisa133	n/a	n/a	n/a
sub-lisa134	n/a	n/a	n/a
sub-lisa135	n/a	n/a	n/a
sub-lisa136	n/a	n/a	n/a
sub-lisa137	n/a	n/a	n/a
sub-lisa138	n/a	n/a	n/a
sub-lisa139	n/a	n/a	n/a
sub-lisa140	n/a	n/a	n/a
sub-lisa141	n/a	n/a	n/a
sub-lisa142	n/a	n/a	n/a
sub-lisa143	n/a	n/a	n/a
sub-lisa144	n/a	n/a	n/a
sub-lisa145	n/a	n/a	n/a
sub-lisa146	n/a	n/a	n/a
sub-lisa147	n/a	n/a	n/a
sub-lisa148	n/a	n/a	n/a
sub-lisa149	n/a	n/a	n/a
sub-lisa150	n/a	n/a	n/a
sub-lisa151	n/a	n/a	n/a
sub-lisa152	n/a	n/a	n/a
sub-lisa153	n/a	n/a	n/a
sub-lisa154	n/a	n/a	n/a
sub-lisa155	n/a	n/a	n/a
sub-lisa156	n/a	n/a	n/a
sub-lisa157	n/a	n/a	n/a
sub-lisa158	n/a	n/a	n/a
sub-lisa159	n/a	n/a	n/a
sub-lisa160	n/a	n/a	n/a
sub-lisa161	n/a	n/a	n/a
sub-lisa162	n/a	n/a	n/a
sub-lisa163	n/a	n/a	n/a
sub-lisa164	n/a	n/a	n/a
sub-lisa165	n/a	n/a	n/a
sub-lisa166	n/a	n/a	n/a
sub-lisa167	n/a	n/a	n/a
sub-lisa168	n/a	n/a	n/a
sub-lisa169	n/a	n/a	n/a
sub-lisa170	n/a	n/a	n/a
sub-lisa171	n/a	n/a	n/a
sub-lisa172	n/a	n/a	n/a
sub-lisa173	n/a	n/a	n/a
sub-lisa174	n/a	n/a	n/a
sub-lisa175	n/a	n/a	n/a
sub-lisa176	n/a	n/a	n/a
sub-lisa177	n/a	n/a	n/a
sub-lisa178	n/a	n/a	n/a
sub-lisa179	n/a	n/a	n/a
sub-lisa180	n/a	n/a	n/a
sub-lisa181	n/a	n/a	n/a
sub-lisa182	n/a	n/a	n/a
sub-lisa183	n/a	n/a	n/a
sub-lisa184	n/a	n/a	n/a
sub-lisa185	n/a	n/a	n/a
sub-lisa186	n/a	n/a	n/a
sub-lisa187	n/a	n/a	n/a
sub-lisa188	n/a	n/a	n/a
sub-lisa189	n/a	n/a	n/a
sub-lisa190	n/a	n/a	n/a
sub-lisa191	n/a	n/a	n/a
sub-lisa192	n/a	n/a	n/a
sub-lisa193	n/a	n/a	n/a
sub-lisa194	n/a	n/a	n/a
sub-lisa195	n/a	n/a	n/a
sub-lisa196	n/a	n/a	n/a
sub-lisa197	n/a	n/a	n/a
sub-lisa198	n/a	n/a	n/a
sub-lisa199	n/a	n/a	n/a
sub-lisa200	n/a	n/a	n/a
sub-lisa201	n/a	n/a	n/a
sub-lisa202	n/a	n/a	n/a
sub-lisa203	n/a	n/a	n/a
sub-lisa204	n/a	n/a	n/a
sub-lisa205	n/a	n/a	n/a
sub-lisa206	n/a	n/a	n/a
sub-lisa207	n/a	n/a	n/a
sub-lisa208	n/a	n/a	n/a
sub-lisa209	n/a	n/a	n/a
sub-lisa210	n/a	n/a	n/a
sub-lisa211	n/a	n/a	n/a
sub-lisa212	n/a	n/a	n/a
sub-lisa213	n/a	n/a	n/a
sub-lisa214	n/a	n/a	n/a
sub-lisa215	n/a	n/a	n/a
sub-lisa216	n/a	n/a	n/a
sub-lisa217	n/a	n/a	n/a
sub-lisa218	n/a	n/a	n/a
sub-lisa219	n/a	n/a	n/a
sub-lisa220	n/a	n/a	n/a
sub-lisa221	n/a	n/a	n/a
sub-lisa222	n/a	n/a	n/a
sub-lisa223	n/a	n/a	n/a
sub-lisa224	n/a	n/a	n/a
sub-lisa225	n/a	n/a	n/a
sub-lisa226	n/a	n/a	n/a
sub-lisa227	n/a	n/a	n/a
sub-lisa228	n/a	n/a	n/a
sub-lisa229	n/a	n/a	n/a
sub-lisa230	n/a	n/a	n/a
sub-lisa231	n/a	n/a	n/a
sub-lisa232	n/a	n/a	n/a
sub-lisa233	n/a	n/a	n/a
sub-lisa234	n/a	n/a	n/a
sub-lisa235	n/a	n/a	n/a
sub-lisa236	n/a	n/a	n/a
sub-lisa237	n/a	n/a	n/a
sub-lisa238	n/a	n/a	n/a
sub-lisa239	n/a	n/a	n/a
sub-lisa240	n/a	n/a	n/a
sub-lisa241	n/a	n/a	n/a
sub-lisa242	n/a	n/a	n/a
sub-lisa243	n/a	n/a	n/a
sub-lisa244	n/a	n/a	n/a
sub-lisa245	n/a	n/a	n/a
sub-lisa246	n/a	n/a	n/a
sub-lisa247	n/a	n/a	n/a
sub-lisa248	n/a	n/a	n/a
sub-lisa249	n/a	n/a	n/a
sub-lisa250	n/a	n/a	n/a
sub-lisa251	n/a	n/a	n/a
sub-lisa252	n/a	n/a	n/a
sub-lisa253	n/a	n/a	n/a
sub-lisa254	n/a	n/a	n/a
sub-lisa255	n/a	n/a	n/a
sub-lisa256	n/a	n/a	n/a
sub-lisa257	n/a	n/a	n/a
sub-lisa258	n/a	n/a	n/a
sub-lisa259	n/a	n/a	n/a
sub-lisa260	n/a	n/a	n/a
sub-lisa261	n/a	n/a	n/a
sub-lisa262	n/a	n/a	n/a
sub-lisa263	n/a	n/a	n/a
sub-lisa264	n/a	n/a	n/a
sub-lisa265	n/a	n/a	n/a
sub-lisa266	n/a	n/a	n/a
sub-lisa267	n/a	n/a	n/a
sub-lisa268	n/a	n/a	n/a
sub-lisa269	n/a	n/a	n/a
sub-lisa270	n/a	n/a	n/a
sub-lisa271	n/a	n/a	n/a
sub-lisa272	n/a	n/a	n/a
sub-lisa273	n/a	n/a	n/a
sub-lisa274	n/a	n/a	n/a
sub-lisa275	n/a	n/a	n/a
sub-lisa276	n/a	n/a	n/a
sub-lisa277	n/a	n/a	n/a
sub-lisa278	n/a	n/a	n/a
sub-lisa279	n/a	n/a	n/a
sub-lisa280	n/a	n/a	n/a
sub-lisa281	n/a	n/a	n/a
sub-lisa282	n/a	n/a	n/a
sub-lisa283	n/a	n/a	n/a
sub-lisa284	n/a	n/a	n/a
sub-lisa285	n/a	n/a	n/a
sub-lisa286	n/a	n/a	n/a
sub-lisa287	n/a	n/a	n/a
sub-lisa288	n/a	n/a	n/a
sub-lisa289	n/a	n/a	n/a
sub-lisa290	n/a	n/a	n/a
sub-lisa291	n/a	n/a	n/a
sub-lisa292	n/a	n/a	n/a
sub-lisa293	n/a	n/a	n/a
sub-lisa294	n/a	n/a	n/a
sub-lisa295	n/a	n/a	n/a
sub-lisa296	n/a	n/a	n/a
sub-lisa297	n/a	n/a	n/a
sub-lisa298	n/a	n/a	n/a
sub-lisa299	n/a	n/a	n/a
sub-lisa300	n/a	n/a	n/a
sub-lisa301	n/a	n/a	n/a
sub-lisa302	n/a	n/a	n/a
sub-lisa303	n/a	n/a	n/a
sub-lisa304	n/a	n/a	n/a
sub-lisa305	n/a	n/a	n/a
sub-lisa306	n/a	n/a	n/a
sub-lisa307	n/a	n/a	n/a
sub-lisa308	n/a	n/a	n/a
sub-lisa309	n/a	n/a	n/a
sub-lisa310	n/a	n/a	n/a
sub-lisa311	n/a	n/a	n/a
sub-lisa312	n/a	n/a	n/a
sub-lisa313	n/a	n/a	n/a
sub-lisa314	n/a	n/a	n/a
sub-lisa315	n/a	n/a	n/a
sub-lisa316	n/a	n/a	n/a
sub-lisa317	n/a	n/a	n/a
sub-lisa318	n/a	n/a	n/a
sub-lisa319	n/a	n/a	n/a
sub-lisa320	n/a	n/a	n/a
sub-lisa321	n/a	n/a	n/a
sub-lisa322	n/a	n/a	n/a
sub-lisa323	n/a	n/a	n/a
sub-lisa324	n/a	n/a	n/a
sub-lisa325	n/a	n/a	n/a
sub-lisa326	n/a	n/a	n/a
sub-lisa327	n/a	n/a	n/a
sub-lisa328	n/a	n/a	n/a
sub-lisa329	n/a	n/a	n/a
sub-lisa330	n/a	n/a	n/a
sub-lisa331	n/a	n/a	n/a
sub-lisa332	n/a	n/a	n/a
sub-lisa333	n/a	n/a	n/a
sub-lisa334	n/a	n/a	n/a
sub-lisa335	n/a	n/a	n/a
